model,mechanics,opponent_policy,observation_mode,training_seed,timesteps,evaluation_seed,episodes,wins,losses,draws,win_rate,non_loss_rate,average_reward,status
ppo_move_selection_v2_typed,typed,type_aware,simple,42,100000,42,1000,,,,0.717,,0.421611,published-v2
ppo_move_selection_v3_rich,rich,type_aware,rich,45,300000,42,1000,246,410,344,0.246,0.59,0.182074,previous-default
ppo_move_selection_v3_rich,rich,type_aware,rich,45,300000,99,1000,240,421,339,0.24,0.579,0.15879,previous-default
ppo_move_selection_v5_rich_finetuned,rich,type_aware,rich,145,200000,42,1000,338,351,311,0.338,0.649,0.440531,previous-default
ppo_move_selection_v5_rich_finetuned,rich,type_aware,rich,145,200000,99,1000,324,365,311,0.324,0.635,0.405041,previous-default
maskable_ppo_move_selection_v6_rich,rich,type_aware,rich,246,200000,42,1000,368,327,305,0.368,0.673,0.569427,default
maskable_ppo_move_selection_v6_rich,rich,type_aware,rich,246,200000,99,1000,354,341,305,0.354,0.659,0.526052,default
ppo_move_selection_v4_rich,rich,mixed,rich,47,200000,42,1000,233,426,341,0.233,0.574,0.193247,experimental-not-promoted
ppo_move_selection_v4_rich,rich,mixed,rich,47,200000,99,1000,225,436,339,0.225,0.564,0.167789,experimental-not-promoted
